constit,admdistrict,nqborehole98,nqborehole08,nqclinic98,nqclinic08,nqschool98,nqschool08,cqborehole,cqclinic,cqschool,nqborehole98_p10k,nqborehole08_p10k,nqclinic98_p10k,nqclinic08_p10k,nqschool98_p10k,nqschool08_p10k,avediskern,avediscat3,elf_ed,pop,popden,urbanprop,area_sqkm,avgwinmargpct,coethnic_share,prescoethavg,ngowatern_p10k,ngohealthn_p10k,ngoedun_p10k,ngoalln_p10k,distblantyre_km,distlilongwe_km,dist_closest
Balaka Central East,Balaka,9,69,2,4,11,21,60,2,10,1.436598136,11.01391904,0.31924403,0.63848806,1.755842166,3.352062316,0.32,"[0.0425,0.401)",0.717909475,62648,0.222586687,0.09,281.4543889,69.34191788,0.234577002,0.200573593,0,0.478866045,0,1.915464181,91.81745218,170.3471176,170.3471176
Balaka North,Balaka,0,154,6,8,58,61,154,2,3,0,12.43670605,0.484546989,0.646062652,4.683954226,4.926227721,0.439,"[0.4010,0.490)",0.600462715,123827,0.169002822,0.002,732.6919072,70.97565497,0.586780016,0.387238145,0,0,0,0.242273494,101.5497444,176.3699008,176.3699008
Balaka South,Balaka,5,63,4,6,39,40,58,2,1,0.598408234,7.53994375,0.478726587,0.718089881,4.667584226,4.787265873,0.398,"[0.0425,0.401)",0.77400902,83555,0.125293035,0.009,666.8766537,15.34805365,0.21815336,0.283493996,0.239363294,0.598408234,0.239363294,4.667584226,71.03924017,188.8845202,188.8845202
Balaka West,Balaka,6,46,2,3,19,25,40,1,6,1.307331953,10.02287831,0.435777318,0.653665977,4.139884519,5.447216472,0.345,"[0.0425,0.401)",0.723488008,45895,0.106672661,0.022,430.2414458,51.57967681,0.267260595,0.222622275,0,0.217888659,0,0.653665977,67.21756286,180.0525463,180.0525463
Blantyre Bangwe,Blantyre,2,2,1,1,1,4,0,0,3,0.48651147,0.48651147,0.243255735,0.243255735,0.243255735,0.973022939,0.118,"[0.0425,0.401)",0.676410252,41109,2.076758397,1,19.79479176,23.45826,0.023999319,0.342247844,0,0.243255735,0,0.243255735,11.84312536,247.2145339,247.2145339
Blantyre City Central,Blantyre,2,2,1,2,2,7,0,1,5,0.304076141,0.304076141,0.15203807,0.304076141,0.304076141,1.064266492,0.137,"[0.0425,0.401)",0.816770089,65773,9.102264577,1,7.226003973,14.65965367,0.115362292,0.224987507,0,0,0,0.15203807,0,241.2610508,241.2610508
Blantyre City East,Blantyre,0,0,0,3,9,10,0,3,1,0,0,0,0.620103764,1.860311292,2.067012547,0.14,"[0.0425,0.401)",0.765236337,48379,1.58202298,1,30.58046603,38.31533346,0.04229672,0.305696934,0,0,0,0.206701255,0,242.5952755,242.5952755
Blantyre City South,Blantyre,0,4,9,9,24,25,4,0,1,0,0.532885709,1.198992846,1.198992846,3.197314256,3.330535683,0.0585,"[0.0425,0.401)",0.840742878,75063,3.001312976,1,25.01005413,40.5578425,0.136066564,0.202962399,0,0.266442855,0.133221427,1.065771419,0,242.7092157,242.7092157
Blantyre City South East,Blantyre,1,51,9,9,28,32,50,0,4,0.089976606,4.58880691,0.809789455,0.809789455,2.51934497,2.879251395,0.193,"[0.0425,0.401)",0.758941825,111140,2.528699464,1,43.95144682,33.35626898,0.086216709,0.288908035,0,0,0,1.079719273,0,247.6654795,247.6654795
Blantyre City West,Blantyre,0,0,5,7,22,27,0,2,5,0,0,0.348237916,0.487533083,1.532246831,1.880484747,0.072,"[0.0425,0.401)",0.81573154,143580,3.287819679,1,43.67027818,17.01510423,0.257157717,0.21041441,0.20894275,0.417885499,0.348237916,3.273436412,0,237.7810127,237.7810127
Blantyre Kabula,Blantyre,4,6,0,1,6,9,2,1,3,0.549586436,0.824379654,0,0.137396609,0.824379654,1.236569481,0.12303507,"[0.0425,0.401)",0.811887687,72782,2.030817358,1,35.83877187,28.60177621,NA,0.231876329,0,0,0,0,7.461086997,235.7416524,235.7416524
Blantyre Malabada,Blantyre,0,0,0,0,0,2,0,0,2,0,0,0,0,0,0.340860673,0.0425,"[0.0425,0.401)",0.784623477,58675,3.633218668,1,16.14959224,22.05340677,0.216869016,0.216869012,0,0.170430337,0,0.51129101,5.698927436,238.4448156,238.4448156
Blantyre North,Blantyre,19,127,0,4,15,31,108,4,16,2.889909652,19.31676452,0,0.608402032,2.28150762,4.715115748,0.3765,"[0.0425,0.401)",0.786653994,65746,0.178435867,0,368.4573123,67.99658976,0.177752669,0.253380507,0,0.152100508,0.152100508,3.04201016,36.24301497,207.7949605,207.7949605
Blantyre North East,Blantyre,8,100,3,3,23,27,92,0,4,1.353134197,16.91417746,0.507425324,0.507425324,3.890260817,4.566827915,0.204,"[0.0425,0.401)",0.758319801,59122,0.328994637,0.251,179.7050568,42.56715816,0.314334309,0.2517533,0,0.169141775,0,0.507425324,20.25631903,222.0106694,222.0106694
Blantyre Rural East,Blantyre,4,68,0,2,30,30,64,2,0,1.077063924,18.3100867,0,0.538531962,8.077979428,8.077979428,0.373,"[0.0425,0.401)",0.718510661,37138,0.311921176,0.206,119.0621311,37.71613033,0.348763719,0.348049909,0,0,0.269265981,1.077063924,17.87949773,230.4641057,230.4641057
Blantyre South West,Blantyre,14,97,4,6,22,29,83,2,7,2.055045872,14.23853211,0.587155963,0.880733945,3.229357798,4.256880734,0.42,"[0.4010,0.490)",0.82531502,68125,0.299730092,0.176,227.2878228,17.19190126,0.213562466,0.224354267,0,0,0,0.733944954,14.93483348,247.3881906,247.3881906
Blantyre West,Blantyre,11,127,5,7,33,46,116,2,13,0.920756359,10.6305507,0.418525618,0.585935865,2.762269078,3.850435685,0.5125,"[0.4900,0.795]",0.770084327,119467,0.144829454,0.067,824.8805546,31.94280495,0.141265601,0.109918967,0.251115371,0.334820494,0.083705124,2.260038337,17.97025899,221.307457,221.307457
Chikwawa Central,Chikwawa,13,21,9,10,6,15,8,1,9,1.702350553,2.749950894,1.178550383,1.309500426,0.785700255,1.964250638,0.3545,"[0.0425,0.401)",0.666116988,76365,0.159823469,0.093,477.8084238,4.130583581,0.360537406,0.068867818,0.130950043,0.654750213,0.52380017,5.499901787,47.57437964,267.5281226,267.5281226
Chikwawa East,Chikwawa,3,12,2,4,14,20,9,2,6,0.472158393,1.888633574,0.314772262,0.629544525,2.203405836,3.147722623,0.375,"[0.0425,0.401)",0.717440883,63538,0.135960127,0.004,467.3281893,26.0710948,0.333633566,0.103837803,0,0,0,0.314772262,55.44123265,286.1628757,286.1628757
Chikwawa Mkombezi,Chikwawa,7,26,4,4,12,16,19,0,4,1.417491849,5.264969726,0.809995343,0.809995343,2.429986028,3.23998137,0.437,"[0.4010,0.490)",0.541957078,49383,0.14670835,0,336.6066066,7.983478647,0.617591033,0.016950641,0,0,0,0.202498836,66.60742308,282.8249322,282.8249322
Chikwawa North,Chikwawa,6,23,3,4,21,22,17,1,1,1.010305112,3.872836263,0.505152556,0.673536741,3.536067893,3.704452078,0.488,"[0.4010,0.490)",0.661210609,59388,0.119021723,0.028,498.9677406,2.4389469,0.5320523,0.093808733,0,0.168384185,0.336768371,2.18899441,28.95181791,245.0010887,245.0010887
Chikwawa South,Chikwawa,10,107,5,8,34,43,97,3,9,0.98367106,10.52528035,0.49183553,0.786936848,3.344481605,4.22978556,0.411,"[0.4010,0.490)",0.471548821,101660,0.148224174,0,685.8530399,23.39420027,0.695341324,0.010585668,0,0,0,0.885303954,80.97773799,302.9559812,302.9559812
Chikwawa West,Chikwawa,8,49,8,12,38,42,41,4,4,0.9504687,5.821620787,0.9504687,1.42570305,4.514726324,4.989960674,0.638,"[0.4900,0.795]",0.7707704,84169,0.103709937,0,811.5808646,11.50822156,0.257641436,0.009595748,0,0,0,0.118808587,61.01574479,228.7424071,228.7424071
Chiradzulu Central,Chiradzulu,2,22,2,3,21,25,20,1,4,0.22912657,2.520392265,0.22912657,0.343689854,2.40582898,2.864082119,0.344,"[0.0425,0.401)",0.714701205,87288,0.494779279,0.145,176.418059,58.41220592,0.236180895,0.361222625,0,0.572816424,0.114563285,2.864082119,17.54065861,247.6527729,247.6527729
Chiradzulu East,Chiradzulu,6,72,4,4,16,25,66,0,9,0.78586491,9.430378918,0.52390994,0.52390994,2.09563976,3.274437124,0.416,"[0.4010,0.490)",0.461248214,76349,0.361465645,0,211.2206265,41.87168377,0.708022567,0.427262008,0,0,0,0,28.30174486,247.4392565,247.4392565
Chiradzulu North,Chiradzulu,1,9,0,2,6,9,8,2,3,0.392433875,3.531904874,0,0.78486775,2.354603249,3.531904874,0.336,"[0.0425,0.401)",0.740717331,25482,0.390123447,0,65.31778649,37.95488772,0.333969194,0.322694421,0,0.392433875,0,0.392433875,25.13838556,235.7781184,235.7781184
Chiradzulu South,Chiradzulu,4,100,2,2,22,25,96,0,3,0.621484727,15.53711818,0.310742364,0.310742364,3.418165999,3.884279544,0.351,"[0.0425,0.401)",0.342200164,64362,0.347103641,0,185.4258857,40.26027642,0.796218483,0.464512706,0,0,0,0,30.30482669,262.9697567,262.9697567
Chiradzulu West,Chiradzulu,12,42,2,2,8,18,30,0,10,4.137931034,14.48275862,0.689655172,0.689655172,2.75862069,6.206896552,0.407,"[0.4010,0.490)",0.52539976,29000,0.303615411,0,95.51557302,3.859853743,0.423123724,0.423123717,0,0,0,0,25.57690777,230.2606073,230.2606073
Chitipa Central,Chitipa,9,47,12,15,4,47,38,3,43,1.371888481,7.16430651,1.8291846409999999,2.286480801,0.609728214,7.16430651,0.454,"[0.4010,0.490)",0.551416377,65603,0.088123254,0,744.4459571,27.76362243,0.331069097,0.001475756,0,0.45729616,0,1.676752588,692.2096091,472.5300127,692.2096091
Chitipa East,Chitipa,0,3,4,8,0,39,3,4,39,0,1.093174944,1.457566593,2.915133185,0,14.21127428,0.433,"[0.4010,0.490)",0.035593132,27443,0.043443635,0,631.6920768,19.48141119,NA,7.82513e-4,0,0,0,0.728783296,687.5211811,471.2078697,687.5211811
Chitipa North,Chitipa,6,34,14,22,7,31,28,8,24,1.692763436,9.592326139,3.949781351,6.206799266,1.974890676,8.745944421,0.603,"[0.4900,0.795]",0.384617348,35445,0.063267374,0,560.2413656,34.84294695,0.228767668,8.11553e-4,0,0,0.282127239,0.282127239,719.5828071,496.4502225,719.5828071
Chitipa South,Chitipa,4,12,9,8,15,32,8,0,17,1.413927183,4.241781548,3.181336161,2.827854366,5.302226935,11.31141746,0.562,"[0.4900,0.795]",0.044304622,28290,0.044025227,0,642.5861272,49.75450111,0.975948887,4.48727e-4,0,0,0,0,626.4643595,410.4988971,626.4643595
Chitipa Wenya,Chitipa,0,0,6,0,0,0,0,0,0,0,0,3.174099349,0,0,0,0.795,"[0.4900,0.795]",0.552249731,18903,0.033198369,0,569.3954456,20.53277458,0.51525816,0.001831879,0,1.058033116,0.529016558,10.05131461,654.1521203,435.3591568,654.1521203
Dedza Central,Dedza,0,0,3,0,21,0,0,0,0,0,0,0.311345427,0,2.179417992,0,0.566,"[0.4900,0.795]",0.368252443,96356,0.265858659,0.002,362.4331832,45.72405613,0.78009137,0.031464092,0.415127236,0.415127236,0.415127236,4.255054174,191.1486456,50.71349814,191.1486456
Dedza Central East,Dedza,0,0,1,0,11,0,0,0,0,0,0,0.299940012,0,3.299340132,0,0.602,"[0.4900,0.795]",0.159986789,33340,0.29453741,0,113.1944496,51.46962299,0.908163017,0.034073047,0,0,0,0.599880024,204.5561162,42.18720415,204.5561162
Dedza East,Dedza,0,59,2,3,0,28,59,1,28,0,6.354334949,0.215401185,0.323101777,0,3.015616586,0.497,"[0.4900,0.795]",0.600298509,92850,0.177765299,0,522.3179126,17.51163707,0.522442671,0.038687043,0,0,0,0.861604739,172.5121639,91.0588216,172.5121639
Dedza North,Dedza,0,0,0,0,18,0,0,0,0,0,0,0,0,2.502432921,0,0.447,"[0.4010,0.490)",0.470844722,71930,0.169560031,0,424.2155401,10.60102409,0.643633338,0.16776666,0,0,0,0.556096205,209.594714,51.4624248,209.594714
Dedza North West,Dedza,0,58,2,2,21,23,58,0,2,0,9.729258228,0.335491663,0.335491663,3.522662462,3.858154125,0.516,"[0.4900,0.795]",0.204280936,59614,0.249451047,0,238.9807566,54.49907606,0.882173533,0.007812762,0,0,0,0,199.0859578,39.66770844,199.0859578
Dedza South,Dedza,7,20,4,4,28,24,13,0,0,0.683180106,1.951943159,0.390388632,0.390388632,2.732720423,2.342331791,0.736,"[0.4900,0.795]",0.603962703,102462,0.177254909,0.013,578.0488707,35.15952217,0.535015128,0.094380997,0.097597158,0.292791474,0.097597158,1.46395737,184.8184224,69.80268545,184.8184224
Dedza South West,Dedza,0,4,1,1,1,2,4,0,1,0,1.011480301,0.252870075,0.252870075,0.252870075,0.505740151,0.542,"[0.4900,0.795]",0.216829181,39546,0.197563877,0,200.1681714,22.55181236,0.875507308,9.23267e-4,0,0,0,0,192.684302,49.76708719,192.684302
Dedza West,Dedza,0,0,0,0,1,0,0,0,0,0,0,0,0,0.079005791,0,0.393,"[0.0425,0.401)",0.548829283,126573,0.293908946,0.052,430.6537845,58.31988561,0.435192743,0.019473845,0,0.237017373,0,0.948069493,180.8945674,57.56416212,180.8945674
Dowa Central,Dowa,17,72,0,6,28,31,55,6,3,2.524540014,10.69216947,0,0.891014123,4.158065905,4.603572967,0.534,"[0.4900,0.795]",0.188130182,67339,0.159259468,0.014,422.8257236,40.5249119,0.894187974,0.002085062,0.148502354,0.594009415,0.594009415,5.643089443,270.0637444,48.58527986,270.0637444
Dowa East,Dowa,4,19,0,1,20,26,15,1,6,0.474957847,2.256049776,0,0.118739462,2.374789237,3.087226009,0.58,"[0.4900,0.795]",0.136102187,84218,0.161073052,0.011,522.855926,46.19928363,0.926173455,0.005769598,0,0.118739462,0,0.712436771,248.3807479,47.23623271,248.3807479
Dowa Ngala,Dowa,0,0,0,2,4,6,0,2,2,0,0,0,0.31110005,0.6222001,0.933300149,0.503,"[0.4900,0.795]",0.150406459,64288,0.165526609,0,388.3846847,46.83054095,0.918350439,0.010248592,0,0,0,0.466650075,305.5596833,68.63688673,305.5596833
Dowa North,Dowa,3,0,0,0,0,0,0,0,0,0.521131898,0,0,0,0,0,0.597,"[0.4900,0.795]",0.08695339,57567,0.178284341,0,322.8943142,33.92877061,0.952613424,0.003853336,0,0,0,0.521131898,305.5178661,72.33276779,305.5178661
Dowa North East,Dowa,11,17,0,0,20,24,6,0,4,1.667550974,2.577124233,0,0,3.031910862,3.638293034,0.482,"[0.4010,0.490)",0.228702334,65965,0.224913358,0.052,293.2907169,19.20177634,0.868928204,0.00329878,0.303191086,0.151595543,0.151595543,0.909573259,283.7597338,51.0289241,283.7597338
Dowa South East,Dowa,0,1,0,0,21,1,1,0,0,0,0.128382889,0,0,2.696040672,0.128382889,0.613,"[0.4900,0.795]",0.3346295,77892,0.21522437,0.045,361.9106895,53.20600712,0.803439416,0.002163175,0,0,0,0.128382889,254.2246994,31.33299241,254.2246994
Dowa West,Dowa,0,19,0,1,57,56,19,1,0,0,1.4522219,0,0.076432732,4.356665699,4.280232967,0.539,"[0.4900,0.795]",0.082411689,130834,0.193738872,0,675.3110435,41.86949403,0.955418637,0.002510769,0,0,0,0.535029121,285.9702441,48.0782119,285.9702441
Karonga Central,Karonga,0,28,2,4,8,14,28,2,6,0,19.30235765,1.378739832,2.757479664,5.514959327,9.651178823,0.408,"[0.4010,0.490)",0.393723293,14506,0.034113875,0,425.2228753,43.12258067,0.751052254,0.001809355,2.757479664,1.378739832,1.378739832,22.74920722,631.3100527,422.0917059,631.3100527
Karonga North,Karonga,21,203,5,13,36,49,182,8,13,2.703363757,26.13251632,0.643658037,1.673510897,4.634337869,6.307848766,0.497,"[0.4900,0.795]",0.751492267,77681,0.133164515,0,583.3460971,27.5581606,0.130471106,0.003736435,0,0,0,0.257463215,682.9167338,471.2280856,682.9167338
Karonga North West,Karonga,21,128,14,15,47,48,107,1,1,2.334215148,14.22759709,1.556143432,1.667296534,5.224195807,5.3353489100000004,0.3955,"[0.0425,0.401)",0.636220337,89966,0.081831296,0.026,1099.408226,28.76649784,0.392100682,0.008812512,0,0.333459307,0,1.667296534,657.4982048,444.5303491,657.4982048
Karonga Nyungwe,Karonga,6,64,7,6,16,19,58,0,3,2.147305132,22.90458808,2.505189321,2.147305132,5.726147019,6.799799585,0.319,"[0.0425,0.401)",0.501621169,27942,0.111473168,0,250.6612176,42.52758484,0.686911603,0.003143297,0,0,0,0,613.6641602,406.9134014,613.6641602
Karonga South,Karonga,8,88,6,7,39,41,80,1,2,1.530807501,16.83888251,1.148105626,1.339456563,7.462686567,7.845388442,0.344,"[0.0425,0.401)",0.284154184,52260,0.155858249,0.109,335.3046778,39.11491424,0.8404761,0.00332367,0,0,0,0.956754688,596.3995737,392.833861,596.3995737
Kasungu Central,Kasungu,2,44,5,5,33,36,42,0,3,0.244777069,5.385095524,0.611942673,0.611942673,4.038821643,4.405987247,0.441,"[0.4010,0.490)",0.448977679,81707,0.257460325,0.14,317.3576355,28.36077388,0.725643078,0.06122718,0.244777069,0.489554139,0.244777069,1.958216554,345.424933,110.8187247,345.424933
Kasungu East,Kasungu,0,32,0,2,0,42,32,2,42,0,3.79313206,0,0.237070754,0,4.978485829,0.439,"[0.4010,0.490)",0.274062569,84363,0.093244793,0,904.7475725,42.45250274,0.846084587,0.035913233,0,0,0,0.237070754,344.6203924,116.2615936,344.6203924
Kasungu North,Kasungu,8,90,2,4,26,33,82,2,7,1.665799063,18.74023946,0.416449766,0.832899531,5.413846955,6.871421135,0.425,"[0.4010,0.490)",0.42802496,48025,0.131796298,0,364.3880798,3.693911381,0.734270817,0.005884487,0,0.208224883,0,1.041124414,394.2594686,163.5045952,394.2594686
Kasungu North East,Kasungu,5,11,2,0,10,13,6,0,3,1.322261596,2.908975512,0.528904638,0,2.644523192,3.43788015,0.329,"[0.0425,0.401)",0.085183027,37814,0.11232938,0,336.6349939,33.37913058,0.952987703,0.008604552,0,0,0,0.528904638,337.2033758,116.7024446,337.2033758
Kasungu North North East,Kasungu,5,87,0,2,25,26,82,2,1,0.806373577,14.03090024,0,0.322549431,4.031867884,4.193142599,0.4065,"[0.4010,0.490)",0.540763074,62006,0.103151949,0,601.1132202,32.82170503,0.47130468,0.004584395,0,0,0,0.322549431,369.6699584,138.7140864,369.6699584
Kasungu North West,Kasungu,5,78,2,6,22,29,73,4,7,0.842374823,13.14104724,0.336949929,1.010849788,3.706449222,4.885773974,0.484,"[0.4010,0.490)",0.563081353,59356,0.102414268,0,579.5676823,43.73343453,0.521944723,0.006663564,0,0.168474965,0,0.673899858,378.8140995,143.792908,378.8140995
Kasungu South,Kasungu,5,26,2,6,0,26,21,4,26,0.603580439,3.138618284,0.241432176,0.724296527,0,3.138618284,0.437,"[0.4010,0.490)",0.142606293,82839,0.111395424,0,743.6481419,57.82254659,0.922296672,0.020369619,0,0,0,0.362148263,317.4815502,79.95223594,317.4815502
Kasungu South East,Kasungu,0,15,3,7,16,28,15,4,12,0,2.071222435,0.414244487,0.96657047,2.209303931,3.86628188,0.34,"[0.0425,0.401)",0.183076679,72421,0.124948493,0,579.6068311,43.92724639,0.899603471,0.022028983,0,0,0,0.276162991,324.912948,90.76138505,324.912948
Kasungu West,Kasungu,0,10,3,3,34,27,10,0,0,0,1.071099591,0.321329877,0.321329877,3.641738609,2.891968895,0.377,"[0.0425,0.401)",0.16395053,93362,0.077603357,0,1203.066515,45.86417279,0.91059837,0.016457766,0.107109959,0.535549795,1.392429468,5.998157709,342.0870136,104.1050204,342.0870136
Lilongwe Central,Lilongwe,13,63,2,2,6,16,50,0,10,2.356908461,11.421941,0.362601302,0.362601302,1.087803905,2.900810414,0.542,"[0.4900,0.795]",0.25000701,55157,0.449789867,0.245,122.628374,55.28956418,0.860939101,0.028878681,0,0,0,0.362601302,230.7295227,7.933225618,230.7295227
Lilongwe City Central,Lilongwe,0,12,8,10,0,68,12,2,68,0,0.521993318,0.347995546,0.434994432,0,2.957962138,0.243,"[0.0425,0.401)",0.729466241,229888,0.97978363,0.701,234.631395,4.535901522,0.075674833,0.096968412,0,0.043499443,0,0.608992205,249.310737,0,249.310737
Lilongwe City North,Lilongwe,0,38,2,1,25,25,38,0,0,0,4.874794745,0.256568144,0.128284072,3.207101806,3.207101806,0.588,"[0.4900,0.795]",0.063038013,77952,0.25525231,0.039,305.3919477,39.76730893,0.965606065,0.001341569,0,0,0,0.256568144,262.675307,0,262.675307
Lilongwe City South East,Lilongwe,0,3,3,0,0,13,3,0,13,0,0.372342406,0.372342406,0,0,1.61348376,0.156,"[0.0425,0.401)",0.755748063,80571,2.47268849,0.973,32.58437136,13.19563713,0.40699161,0.12822783,0,0,0,0,234.4019707,0,234.4019707
Lilongwe City South West,Lilongwe,0,1,2,3,0,37,1,1,37,0,0.08617718,0.172354361,0.258531541,0,3.18855567,0.0425,"[0.0425,0.401)",0.806272203,116040,8.020756764,1,14.46746279,10.60256052,0.171018282,0.141352385,0,0.08617718,0,0.258531541,236.9099569,0,236.9099569
Lilongwe City West,Lilongwe,0,2,3,18,0,36,2,15,36,0,0.128983993,0.19347599,1.160855938,0,2.321711876,0.1155,"[0.0425,0.401)",0.795621931,155058,2.046978068,1,75.74971244,12.20008475,0.257815079,0.145927206,0.257967986,0.580427969,0.386951979,4.514439758,238.6689218,0,238.6689218
Lilongwe East,Lilongwe,0,49,5,5,12,12,49,0,0,0,12.63407591,1.289191419,1.289191419,3.094059406,3.094059406,0.406,"[0.4010,0.490)",0.01423063,38784,0.148553918,0,261.0769243,72.19658514,0.991816342,0.001230146,0,0,0,0,226.3833722,39.46107037,226.3833722
Lilongwe Machenga,Lilongwe,3,33,2,2,13,18,30,0,5,0.542230737,5.96453811,0.361487158,0.361487158,2.349666528,3.253384424,0.451,"[0.4010,0.490)",0.515695897,55327,0.492094213,0.225,112.4317224,46.24836601,0.674227845,0.067534804,0,0,0,0,249.4250127,14.30855549,249.4250127
Lilongwe Mapuyu North,Lilongwe,0,46,2,6,0,18,46,4,18,0,6.518812442,0.283426628,0.850279884,0,2.550839651,0.579,"[0.4900,0.795]",0.078191644,70565,0.222284571,0,317.453432,55.15925009,0.957656926,0.005364132,0,0,0,0.283426628,266.29901159999997,41.43156187,266.29901159999997
Lilongwe Mapuyu South,Lilongwe,9,65,5,7,15,29,56,2,14,1.317600211,9.516001523,0.732000117,1.024800164,2.196000351,4.245600679,0.552,"[0.4900,0.795]",0.106122559,68306,0.247321035,0,276.1835446,47.97537817,0.942248426,0.015957193,0,0,0,0.292800047,252.6869974,40.36981764,252.6869974
Lilongwe Mpenu,Lilongwe,5,86,4,4,21,21,81,0,0,1.055698661,18.15801698,0.844558929,0.844558929,4.433934378,4.433934378,0.524,"[0.4900,0.795]",0.025642417,47362,0.235801697,0,200.8552129,74.51675216,0.985697796,0.001334255,0,0,0,0.633419197,224.9425194,20.62485604,224.9425194
Lilongwe Mpenu Nkhoma,Lilongwe,0,63,5,5,13,13,63,0,0,0,13.34236944,1.058918209,1.058918209,2.753187344,2.753187344,0.489,"[0.4010,0.490)",0.029284432,47218,0.371618572,0,127.0603883,68.3191008,0.983474798,0.002702253,0,0,0,0,215.75357,32.13748124,215.75357
Lilongwe Msinja North,Lilongwe,0,25,2,2,11,12,25,0,1,0,6.969029632,0.557522371,0.557522371,3.066373038,3.345134224,0.605,"[0.4900,0.795]",0.041736313,35873,0.228664947,0,156.8801885,70.4838779,0.97678619,0.007419188,0,0,0,0,240.3474515,30.16429849,240.3474515
Lilongwe Msinja South,Lilongwe,0,28,0,0,14,11,28,0,0,0,8.786243253,0,0,4.393121627,3.451738421,0.549,"[0.4900,0.795]",0.026023662,31868,0.238560944,0,133.5843135,68.0625605,0.985120968,0.002060907,0,0.313794402,0,0.313794402,234.5882121,30.0750897,234.5882121
Lilongwe Msozi North,Lilongwe,0,81,0,5,13,18,81,5,5,0,15.54046276,0,0.959287825,2.494148344,3.453436169,0.626,"[0.4900,0.795]",0.090832159,52122,0.33211312,0,156.9405027,59.37922357,0.958020356,0.00977074,0.191857565,0,0,0.191857565,221.9052322,16.35952595,221.9052322
Lilongwe Msozi South,Lilongwe,0,94,0,3,15,18,94,3,3,0,17.05617651,0,0.544346059,2.721730295,3.266076354,0.725,"[0.4900,0.795]",0.082206416,55112,0.288805457,0,190.8274195,72.54406905,0.956231583,0.008307029,0,0,1.088692118,1.633038177,214.8690696,24.5768055,214.8690696
Lilongwe North,Lilongwe,11,86,6,8,37,41,75,2,4,0.982072709,7.678022998,0.535676023,0.714234698,3.303335476,3.660452825,0.648,"[0.4900,0.795]",0.071375495,112008,0.212033739,0,528.2555519,30.2576965,0.961720145,0.006754844,0.089279337,0,0,0.089279337,269.2865353,33.82238687,269.2865353
Lilongwe North East,Lilongwe,0,142,6,6,41,41,142,0,0,0,15.38394869,0.650026001,0.650026001,4.44184434,4.44184434,0.587,"[0.4900,0.795]",0.200863786,92304,0.227470138,0.079,405.7851327,56.23958615,0.888939363,0.012660448,0,0,0,0.108337667,241.8793746,21.87479868,241.8793746
Lilongwe North West,Lilongwe,3,30,1,5,30,35,27,4,5,0.299772173,2.997721731,0.099924058,0.499620289,2.997721731,3.49734202,0.462,"[0.4010,0.490)",0.071682614,100076,0.176013748,0,568.5692225,41.23832627,0.961004606,0.006966211,0.099924058,0,0.099924058,0.399696231,289.02207,54.43823333,289.02207
Lilongwe South,Lilongwe,4,142,0,1,45,47,138,1,2,0.242755272,8.617812168,0,0.060688818,2.730996814,2.85237445,0.642,"[0.4900,0.795]",0.055672337,164775,0.257775929,0,639.2179461,73.02922379,0.969447095,0.006785662,0,0,0,0.182066454,216.7887109,31.95941202,216.7887109
Lilongwe South East,Lilongwe,10,146,5,5,21,21,136,0,0,1.672604412,24.42002442,0.836302206,0.836302206,3.512469266,3.512469266,0.314,"[0.0425,0.401)",0.040355285,59787,0.289515292,0,206.5072266,55.00083726,0.977426698,0.002746692,0,0,0.334520882,0.501781324,211.6781057,27.60102481,211.6781057
Lilongwe South West,Lilongwe,2,63,3,10,26,41,61,7,15,0.134720052,4.24368163,0.202080078,0.673600259,1.751360673,2.761761061,0.597,"[0.4900,0.795]",0.461771973,148456,0.422338703,0.099,351.509343,58.51689616,0.718322466,0.067777999,0.606240233,0.336800129,0.740960285,5.388802069,244.5135168,18.34412392,244.5135168
Machinga Central,Machinga,8,105,2,5,20,25,97,3,5,1.055214077,13.84968475,0.263803519,0.659508798,2.638035191,3.297543989,0.421,"[0.4010,0.490)",0.578543964,75814,0.194326389,0,390.13744,34.91484488,0.454197035,0.454197049,0,0.527607038,0,1.187115836,106.0377684,206.5906426,206.5906426
Machinga Central East,Machinga,0,43,2,3,19,21,43,1,2,0,7.493377945,0.348529207,0.52279381,3.311027464,3.659556671,0.3695,"[0.0425,0.401)",0.619110355,57384,0.072817915,0,788.0478304,55.30863395,0.429110754,0.429110765,0.174264603,0.52279381,0,2.613969051,107.3781562,234.0385349,234.0385349
Machinga East,Machinga,9,99,4,6,25,29,90,2,4,0.907971994,9.987691935,0.403543108,0.605314663,2.522144428,2.925687537,0.435,"[0.4010,0.490)",0.515239234,99122,0.195733224,0,506.4137698,36.77067771,0.651558968,0.436987638,0.807086217,0.70620044,0.201771554,7.263775953,122.2984106,225.4906893,225.4906893
Machinga Likwenu,Machinga,0,47,2,2,12,18,47,0,6,0,10.21605877,0.434725905,0.434725905,2.608355432,3.912533148,0.3505,"[0.0425,0.401)",0.583811014,46006,0.187890187,0,244.8557896,23.61031577,0.386718776,0.38671878,0,0.434725905,0,1.521540669,86.51716479,225.965892,225.965892
Machinga North East,Machinga,9,71,2,5,11,20,62,3,9,1.331538223,10.50435709,0.295897383,0.739743457,1.627435605,2.958973828,0.494,"[0.4900,0.795]",0.377385711,67591,0.16207931,0,417.0242342,85.29094172,0.470291681,0.470291674,0,0.147948691,0,0.739743457,142.0638976,215.657667,215.657667
Machinga South,Machinga,3,31,1,2,10,14,28,1,4,0.481703303,4.977600796,0.160567768,0.321135535,1.605677676,2.247948747,0.2135,"[0.0425,0.401)",0.656212398,62279,0.265873403,0.098,234.2430619,49.01958645,0.163784526,0.379229128,0.321135535,0.321135535,0.160567768,1.926813212,76.03454193,204.8908973,204.8908973
Machinga South East,Machinga,15,75,4,4,12,18,60,0,6,1.844814227,9.224071136,0.491950461,0.491950461,1.475851382,2.213777073,0.432,"[0.4010,0.490)",0.639939897,81309,0.166136992,0,489.4093664,48.73930152,0.284685422,0.392648309,0,0,0,0.737925691,138.232933,231.1755013,231.1755013
Mangochi Central,Mangochi,0,8,7,7,27,32,8,0,5,0,0.711111111,0.622222222,0.622222222,2.4,2.844444444,0.347,"[0.0425,0.401)",0.526030335,112500,0.197568437,0.055,569.4229374,46.0215743,0.665669102,0.397282988,0.266666667,0.266666667,0,1.422222222,149.7178024,151.0388279,151.0388279
Mangochi East,Mangochi,7,102,6,6,14,23,95,0,9,0.922679461,13.44475786,0.79086811,0.79086811,1.845358922,3.031661087,0.54,"[0.4900,0.795]",0.06689641,75866,0.173064515,0,438.3683159,43.3040873,0.963570756,0.4897407,0,0,0,0.395434055,178.0179925,176.3806627,178.0179925
Mangochi Lutende,Mangochi,2,37,4,4,1,7,35,0,6,0.629049506,11.63741586,1.258099012,1.258099012,0.314524753,2.201673272,0.383,"[0.0425,0.401)",0.150767138,31794,0.312922935,0,101.603291,17.27411426,0.91769944,0.47207436,0,0,0,0,188.8740264,158.6014494,188.8740264
Mangochi Malombe,Mangochi,2,51,3,6,15,16,49,3,1,0.356760614,9.0973956479999991,0.53514092,1.070281841,2.675704602,2.854084909,0.433,"[0.4010,0.490)",0.31819913,56060,0.203038742,0,276.104942,56.38170647,0.810706047,0.474256516,0,0.178380307,0,0.713521227,129.6875436,189.6910428,189.6910428
Mangochi Masongola,Mangochi,2,85,2,2,12,14,83,0,2,0.418813084,17.79955606,0.418813084,0.418813084,2.512878502,2.931691586,0.434,"[0.4010,0.490)",0.105371452,47754,0.308138288,0,154.9758725,39.99856536,0.9426122,0.479268879,0,0,0,0.418813084,161.8307665,192.5931963,192.5931963
Mangochi Monkey Bay,Mangochi,0,50,3,5,22,29,50,2,7,0,6.55454033,0.39327242,0.655454033,2.883997745,3.801633391,0.451,"[0.4010,0.490)",0.805774331,76283,0.103607967,0.01,736.2657747,14.29158111,0.236983063,0.177797183,0.131090807,0.131090807,0,1.310908066,167.3725088,129.128258,167.3725088
Mangochi Nkungulu,Mangochi,0,33,2,2,11,12,33,0,1,0,7.371830671,0.446777616,0.446777616,2.45727689,2.680665699,0.501,"[0.4900,0.795]",0.383924618,44765,0.166831681,0,268.3243359,54.65705717,0.772536625,0.43800658,0,0,0,0.223388808,129.2660146,163.8119672,163.8119672
Mangochi North,Mangochi,1,54,3,3,10,15,53,0,5,0.150434756,8.123476848,0.451304269,0.451304269,1.504347564,2.256521347,0.573,"[0.4900,0.795]",0.197619116,66474,0.1444584,0,460.1601573,47.82175257,0.897995983,0.464423209,0,0,0,0.300869513,224.8600636,138.3815712,224.8600636
Mangochi North East,Mangochi,5,57,3,3,17,22,52,0,5,0.653620403,7.451272599,0.392172242,0.392172242,2.222309372,2.875929775,0.466,"[0.4010,0.490)",0.133081871,76497,0.254060648,0.074,301.097398,49.27683734,0.927620233,0.469965994,0.522896323,1.176516726,0.653620403,9.019961567,155.5213215,172.6882093,172.6882093
Mangochi South,Mangochi,0,0,4,6,22,25,0,2,3,0,0,0.500375281,0.750562922,2.752064048,3.127345509,0.539,"[0.4900,0.795]",0.332256841,79940,0.101838367,0,784.9693783,39.08725694,0.796958569,0.482753843,0,0,0,0.12509382,148.7679626,201.0784785,201.0784785
Mangochi South West,Mangochi,5,27,3,4,26,33,22,1,7,0.625117209,3.375632931,0.375070326,0.500093768,3.250609489,4.125773583,0.561,"[0.4900,0.795]",0.621077925,79985,0.129995027,0,615.2927695,29.16213102,0.558373358,0.345828295,0,0,0,0.125023442,126.5276766,147.8844846,147.8844846
Mangochi West,Mangochi,3,26,1,2,9,14,23,1,5,0.753617363,6.531350482,0.251205788,0.502411576,2.26085209,3.516881029,0.4,"[0.0425,0.401)",0.805274613,39808,0.090601433,0,439.3749481,13.65478281,0.102226173,0.182160199,0,0,0,1.004823151,158.2491659,119.6199961,158.2491659
Mchinji East,Mchinji,6,49,2,2,0,23,43,0,23,0.765687013,6.253110603,0.255229004,0.255229004,0,2.935133549,0.651,"[0.4900,0.795]",0.132878108,78361,0.15317197,0,511.5883793,26.53839433,0.92738708,0.004636037,0,0,0,0.382843506,309.8969044,82.65431612,309.8969044
Mchinji North,Mchinji,0,0,0,0,39,0,0,0,0,0,0,0,0,4.508514156,0,0.457,"[0.4010,0.490)",0.253750795,86503,0.107742865,0,802.8652287,20.0988231,0.858639469,0.033433042,0,0,0,0.693617562,334.9632536,105.114092,334.9632536
Mchinji North East,Mchinji,0,26,1,1,22,22,26,0,0,0,4.919304486,0.189204019,0.189204019,4.162488411,4.162488411,0.486,"[0.4010,0.490)",0.19807742,52853,0.124474671,0.001,424.6084749,40.73895933,0.890340567,0.036740102,0,0,0,0.946020093,317.1613701,84.10795301,317.1613701
Mchinji South,Mchinji,6,76,3,3,36,36,70,0,0,0.663401258,8.403082605,0.331700629,0.331700629,3.98040755,3.98040755,0.508,"[0.4900,0.795]",0.056990364,90443,0.199877861,0,452.4913342,40.88091775,0.968351194,0.008151012,0,0,0,0.331700629,277.7699877,61.69767428,277.7699877
Mchinji South West,Mchinji,0,0,0,0,7,0,0,0,0,0,0,0,0,1.871207463,0,0.756,"[0.4900,0.795]",0.496060494,37409,0.141943986,0.007,263.5476224,11.23599462,0.371318894,0.007306771,0,0,0,0,307.859779,92.04883771,307.859779
Mchinji West,Mchinji,0,0,1,0,30,0,0,0,0,0,0,0.092110717,0,2.763321512,0,0.611,"[0.4900,0.795]",0.327943268,108565,0.236113315,0.028,459.8004139,55.01411872,0.811128992,0.023980156,0.092110717,0.552664302,0.184221434,3.039653664,300.0733147,77.66056356,300.0733147
Mulanje Bale,Mulanje,0,160,2,6,27,35,160,4,8,0,20.45303472,0.255662934,0.766988802,3.451449609,4.474101345,0.444,"[0.4010,0.490)",0.372464323,78228,0.402035943,0.023,194.5796174,33.82202868,0.076824654,0.40562427,0,0,0,0,54.08073214,290.4641504,290.4641504
Mulanje Central,Mulanje,0,49,4,4,9,12,49,0,3,0,15.42529749,1.259207958,1.259207958,2.833217906,3.777623875,0.388,"[0.0425,0.401)",0.516042982,31766,0.530436261,0.027,59.88655442,36.53329999,0.225247214,0.362177819,0,0,0,0.31480199,51.26875177,284.1246416,284.1246416
Mulanje Limbuli,Mulanje,3,32,1,3,12,16,29,2,4,0.638460884,6.810249425,0.212820295,0.638460884,2.553843535,3.405124713,0.5515,"[0.4900,0.795]",0.53793044,46988,0.517996442,0,90.71104783,15.56351983,0.402741242,0.329161912,0,0,0,0,79.99413377,306.6788251,306.6788251
Mulanje North,Mulanje,0,58,4,4,7,10,58,0,3,0,15.94764772,1.099837774,1.099837774,1.924716104,2.749594435,0.37,"[0.0425,0.401)",0.196320104,36369,0.193047199,0,188.3943421,40.03594294,0.891072534,0.481454998,0,0,0,0.274959443,51.41316605,271.881228,271.881228
Mulanje Pasani,Mulanje,5,71,6,6,18,18,66,0,0,0.913342101,12.96945784,1.096010522,1.096010522,3.288031565,3.288031565,0.383,"[0.0425,0.401)",0.249767823,54744,0.333001343,0,164.3957334,47.11054919,0.8593672,0.471934021,1.278678942,0.548005261,0.548005261,7.306736811,48.452961,276.9915046,276.9915046
Mulanje South,Mulanje,1,70,0,7,16,22,69,7,6,0.15020879,10.51461532,0,1.051461532,2.403340643,3.304593385,0.406,"[0.4010,0.490)",0.366489378,66574,0.484908632,0.108,137.2918436,34.96364794,0.12519769,0.39770183,0.15020879,0.600835161,0,1.201670322,62.72702276,295.4363671,295.4363671
Mulanje South East,Mulanje,0,33,5,7,15,21,33,2,6,0,5.326446614,0.807037366,1.129852312,2.421112097,3.389556936,0.492,"[0.4900,0.795]",0.555182416,61955,0.386295695,0,160.3823208,24.68162749,0.503155855,0.218764916,0,0,0,0.484222419,71.1545901,300.9046125,300.9046125
Mulanje South West,Mulanje,2,95,3,3,12,16,93,0,4,0.43586279,20.70348254,0.653794186,0.653794186,2.615176742,3.486902323,0.298,"[0.0425,0.401)",0.426086085,45886,0.399893476,0,114.7455578,30.45348391,0.727705814,0.464085072,0,0,0,0.653794186,43.77657688,278.4794862,278.4794862
Mulanje West,Mulanje,1,105,1,4,23,29,104,3,6,0.125217566,13.14784438,0.125217566,0.500870262,2.880004007,3.6313094,0.369,"[0.0425,0.401)",0.184046078,79861,0.228462657,0,349.5582211,34.5289268,0.899201751,0.472598165,0,0,0,0.125217566,41.77614853,260.9358097,260.9358097
Mwanza Central,Mwanza,0,41,3,6,20,26,41,3,6,0,8.283162956,0.606085094,1.212170189,4.040567296,5.252737484,0.325,"[0.0425,0.401)",0.618952143,49498,0.122076408,0.034,405.4673691,34.00032719,0.517784799,0.037846982,0,0.606085094,0.40405673,4.24259566,49.36682213,203.8355622,203.8355622
Mwanza East,Mwanza,2,87,8,11,46,52,85,3,6,0.312251175,13.58292611,1.249004699,1.717381462,7.181777021,8.118530546,0.4775,"[0.4010,0.490)",0.597108936,64051,0.066160066,0,968.1217597,47.46153484,0.097931039,0.093011856,0,0.312251175,0.156125587,2.498009399,41.03778487,198.3015749,198.3015749
Mwanza North,Mwanza,0,44,3,6,14,30,44,3,16,0,9.975514646,0.680148726,1.360297452,3.174027387,6.801487259,0.432,"[0.4010,0.490)",0.419962159,44108,0.079969917,0,551.5574053,17.1069436,0.746651832,0.069693707,0,0,0,0.906864968,60.6919613,177.6317237,177.6317237
Mwanza West,Mwanza,3,45,6,12,15,20,42,6,5,0.702214316,10.53321474,1.404428632,2.808857263,3.511071579,4.681428772,0.391,"[0.0425,0.401)",0.577231491,42722,0.176031647,0.003,242.6949969,28.93967326,0.452832592,0.010395148,0,0,0,0.702214316,60.32820552,198.4997065,198.4997065
Mzimba Central,Mzimba,8,0,2,0,64,0,0,0,0,0.989817255,0,0.247454314,0,7.91853804,0,0.451,"[0.4010,0.490)",0.354982188,80823,0.07489684,0,1079.124307,28.04318625,0.085133502,0.005324821,0,0,0,1.113544412,505.459943,279.365809,505.459943
Mzimba East,Mzimba,4,0,3,0,51,0,0,0,0,0.647228245,0,0.485421184,0,8.252160124,0,0.464,"[0.4010,0.490)",0.3526194,61802,0.062705766,0.008,985.5871991,24.91398115,0.795173619,0.003376744,0.323614123,0,0,1.456263551,474.1264421,255.7703913,474.1264421
Mzimba Hora,Mzimba,0,2,2,1,42,10,2,0,0,0,0.326541275,0.326541275,0.163270637,6.857366771,1.632706374,0.369,"[0.0425,0.401)",0.519980937,61248,0.070646365,0,866.9660486,19.20251895,0.666051479,0.001469975,0,0,0,0.65308255,480.9025056,255.7071304,480.9025056
Mzimba Luwelezi,Mzimba,0,2,5,4,47,66,2,0,19,0,0.313214521,0.783036302,0.626429041,7.360541235,10.33607918,0.496,"[0.4900,0.795]",0.512948057,63854,0.098370394,0,649.1180679,11.34777405,0.669529567,0.004337261,0,0,0,0.939643562,388.2248502,161.6630374,388.2248502
Mzimba Mzuzu City,Mzimba,0,0,4,0,59,0,0,0,0,0,0,0.335697201,0,4.951533717,0,0.148,"[0.0425,0.401)",0.700645637,119155,1.117759759,0.663,106.601619,70.39267281,0.057637178,0.032719672,0,0.503545802,0.251772901,3.356972011,492.8616436,283.8977961,492.8616436
Mzimba North,Mzimba,0,22,3,4,43,46,22,1,3,0,2.958182063,0.403388463,0.537851284,5.781901304,6.185289767,0.322,"[0.0425,0.401)",0.504340743,74370,0.069252879,0.005,1073.890374,36.92992214,0.684481673,0.034020808,0,0.134462821,0,1.479091031,526.0459127,311.9176429,526.0459127
Mzimba North East,Mzimba,0,8,5,4,32,25,8,0,0,0,1.476150936,0.922594335,0.738075468,5.904603746,4.612971676,0.422,"[0.4010,0.490)",0.51056269,54195,0.0893955,0,606.2385723,18.69297951,0.013215666,0.010987868,0,0.184518867,0,0.553556601,505.6070693,292.6542811,505.6070693
Mzimba Solora,Mzimba,0,2,3,4,51,57,2,1,6,0,0.217741584,0.326612376,0.435483169,5.552410399,6.205635152,0.4,"[0.0425,0.401)",0.388621778,91852,0.113326386,0.03,810.5085069,21.37827712,0.770099377,0.009813352,0.435483169,0.653224753,0.870966337,6.967730697,455.2907898,229.180621,455.2907898
Mzimba South,Mzimba,4,12,3,6,53,59,8,3,6,0.482957633,1.448872898,0.362218224,0.724436449,6.399188631,7.12362508,0.466,"[0.4010,0.490)",0.458897012,82823,0.081626971,0,1014.65238,18.87747613,0.41466755,0.003527963,0,0,0,0.845175857,428.2657082,203.1612634,428.2657082
Mzimba South East,Mzimba,0,2,3,5,26,30,2,2,4,0,0.558550004,0.837825006,1.39637501,7.261150054,8.378250063,0.409,"[0.4010,0.490)",0.592028211,35807,0.058126076,0,616.0230096,15.07322569,0.568973162,0.002990435,0,0,0,0.558550004,382.3083243,162.7231367,382.3083243
Mzimba South West,Mzimba,0,0,3,3,26,26,0,0,0,0,0,0.607373514,0.607373514,5.263903792,5.263903792,0.43,"[0.4010,0.490)",0.405701024,49393,0.096533009,0,511.6695386,21.43747759,0.110015022,0.004497712,0,0,0,0.202457838,436.493744,205.7544828,436.493744
Mzimba West,Mzimba,0,10,2,5,11,38,10,3,27,0,1.667667267,0.333533453,0.833833634,1.834433994,6.337135615,0.401,"[0.4010,0.490)",0.573953672,59964,0.064478588,0,929.983143,40.85006508,0.608276749,0.016831616,0,0,0,0.833833634,524.6512943,302.8871517,524.6512943
Nkhata Bay Central,Nkhatabay,7,38,8,8,33,36,31,0,3,1.417836382,7.696826072,1.620384436,1.620384436,6.684085799,7.291729963,0.398,"[0.0425,0.401)",0.521800759,49371,0.127563986,0.036,387.029298,1.792230963,0.671879909,0.01404929,0,0.405096109,0,1.215288327,474.264426,271.8987309,474.264426
Nkhata Bay East,Nkhatabay,0,1,0,0,0,0,1,0,0,0,0.933358223,0,0,0,0,0.566,"[0.4900,0.795]",0.638063558,10714,0.528621081,0,20.26782585,2.057084083,0.526086429,0.007453472,0,0,0,0,412.7450603,235.5461189,412.7450603
Nkhata Bay North,Nkhatabay,2,2,7,5,14,5,0,0,0,0.754574609,0.754574609,2.64101113,1.886436521,5.28202226,1.886436521,0.783,"[0.4900,0.795]",0.462521553,26505,0.03097518,0,855.6851115,18.12649825,0.471565365,0.0033304850000000002,0,0,0,2.263723826,511.6172353,306.7623836,511.6172353
Nkhata Bay North West,Nkhatabay,5,12,6,7,30,29,7,1,0,1.15660421,2.775850104,1.387925052,1.619245894,6.93962526,6.708304418,0.546,"[0.4900,0.795]",0.490541052,43230,0.06389458,0.008,676.5832052,2.495401899,0.681134768,0.008581668,0.693962526,0.462641684,0.693962526,8.327550312,472.6204178,261.5983109,472.6204178
Nkhata Bay South,Nkhatabay,12,15,2,3,19,15,3,1,0,3.203930154,4.004912693,0.533988359,0.800982539,5.072889411,4.004912693,0.335,"[0.0425,0.401)",0.248803121,37454,0.149648803,0,250.2793155,9.71250433,0.860542933,0.006044335,0,0,0,1.067976718,426.6360934,214.0487017,426.6360934
Nkhata Bay South East,Nkhatabay,3,45,4,3,36,31,42,0,0,0.578636732,8.679550978,0.771515642,0.578636732,6.943640782,5.979246229,0.529,"[0.4900,0.795]",0.305642141,51846,0.156677695,0,330.9086217,18.87456672,0.825764938,0.009042732,0.192878911,0,0,0.578636732,453.4726141,250.0303615,453.4726141
Nkhata Bay West,Nkhatabay,0,0,0,0,0,0,0,0,0,0,0,0,0,0,0,0.398,"[0.0425,0.401)",0.519830401,4166,0.012680213,0,328.5433794,26.50845746,0.624089294,0.001970595,0,0,0,0,446.5221638,232.9335499,446.5221638
Nkhotakota Central,Nkhotakota,16,32,5,4,33,25,16,0,0,2.50442187,5.00884374,0.782631834,0.626105467,5.165370107,3.913159172,0.287,"[0.0425,0.401)",0.199409058,63887,0.218005439,0.053,293.0523222,25.81763422,0.890034655,0.017393023,0,0.469579101,0,1.878316402,331.092708,129.5026916,331.092708
Nkhotakota North,Nkhotakota,0,23,3,7,11,31,23,4,20,0,3.176620076,0.414341749,0.966797415,1.51925308,4.281531407,0.448,"[0.4010,0.490)",0.776798005,72404,0.12461125,0.058,581.0390294,8.194586155,0.310365781,0.045963652,0,0.138113916,0,1.933594829,392.9105741,179.5608765,392.9105741
Nkhotakota North East,Nkhotakota,0,19,1,3,2,19,19,2,17,0,5.828220859,0.306748466,0.920245399,0.613496933,5.828220859,0.364,"[0.0425,0.401)",0.47879222,32600,0.181087879,0,180.0230923,6.812827217,0.70392411,0.019639373,0,0,0,1.533742331,355.339824,150.8469219,355.339824
Nkhotakota South,Nkhotakota,5,27,5,4,15,15,22,0,0,1.371478728,7.405985133,1.371478728,1.097182983,4.114436185,4.114436185,0.462,"[0.4010,0.490)",0.129706184,36457,0.176886705,0,206.1036753,13.44351471,0.928763447,0.006034616,0,0,0,0.274295746,311.8205589,115.8843695,311.8205589
Nkhotakota South East,Nkhotakota,8,21,7,6,40,39,13,0,0,0.886397128,2.326792461,0.775597487,0.664797846,4.43198564,4.321185999,0.411,"[0.4010,0.490)",0.12717488,90253,0.10338262,0,872.9997336,10.28374579,0.930477447,0.015143912,0,0,0.110799641,1.10799641,287.1803785,88.92998855,287.1803785
Nsanje Central,Nsanje,0,38,5,5,10,14,38,0,4,0,11.96398212,1.574208173,1.574208173,3.148416347,4.407782885,0.3415,"[0.0425,0.401)",0.470598891,31762,0.169561805,0,187.3181286,19.58955411,0.410014561,0.014415544,0,0,0,0.629683269,109.5168981,343.1992119,343.1992119
Nsanje Lalanje,Nsanje,0,41,2,3,15,19,41,1,4,0,9.529786393,0.464867629,0.697301443,3.486507217,4.416242475,0.236,"[0.0425,0.401)",0.462640392,43023,0.162256856,0,265.1536653,33.55466332,0.711515166,0.029582549,0,0,0,1.162169072,89.22175812,319.7682887,319.7682887
Nsanje North,Nsanje,3,70,3,3,16,20,67,0,4,0.518098922,12.08897485,0.518098922,0.518098922,2.763194253,3.453992816,0.466,"[0.4010,0.490)",0.698256028,57904,0.170293366,0,340.0249906,30.75151311,0.277255155,0.089541778,0,0,0,0.345399282,74.5583043,309.0000436,309.0000436
Nsanje South,Nsanje,0,56,3,3,13,20,56,0,7,0,13.51220925,0.723868352,0.723868352,3.136762861,4.825789017,0.408,"[0.4010,0.490)",0.174558347,41444,0.137052509,0,302.3950485,20.69555274,0.90497189,0.003525492,0,0,0,1.206447254,142.9216346,372.5468888,372.5468888
Nsanje South West,Nsanje,0,68,3,6,27,29,68,3,2,0,12.06636501,0.532339633,1.064679265,4.791056694,5.145949783,0.301,"[0.0425,0.401)",0.315492395,56355,0.247357536,0.091,227.8281099,42.84325064,0.820411463,0.014312439,0,0.709786177,0.177446544,2.839144708,130.5079631,361.0557402,361.0557402
Ntcheu Bwanje North,Ntcheu,9,0,0,0,34,0,0,0,0,0.75059422,0,0,0,2.835578166,0,0.511,"[0.4900,0.795]",0.209810937,119905,0.139385861,0,860.2378987,72.75776273,0.884321713,0.031981409,0,0,0,0.500396147,138.0262071,118.7286674,138.0262071
Ntcheu Bwanje South,Ntcheu,2,0,0,0,24,0,0,0,0,0.274902753,0,0,0,3.298833038,0,0.491,"[0.4900,0.795]",0.2416773,72753,0.168330951,0,432.2021564,26.04180963,0.865105824,0.044889629,0,0,0,0.41235413,105.1687707,150.5730776,150.5730776
Ntcheu Central,Ntcheu,5,0,0,0,29,0,0,0,0,0.79222981,0,0,0,4.594932898,0,0.3,"[0.0425,0.401)",0.071888961,63113,0.207777718,0.025,303.7524932,36.52883045,0.960336682,0.007638727,0.633783848,0.316891924,0.316891924,6.020946556,108.8927135,138.7110538,138.7110538
Ntcheu North,Ntcheu,1,0,0,0,19,0,0,0,0,0.192270717,0,0,0,3.653143626,0,0.434,"[0.4010,0.490)",0.143735636,52010,0.204577413,0,254.2313899,13.1196634,0.92136566,0.007787695,0,0,0,0.576812152,139.9651625,105.7561357,139.9651625
Ntcheu North East,Ntcheu,4,0,0,0,14,0,0,0,0,1.098177026,0,0,0,3.843619591,0,0.366,"[0.0425,0.401)",0.05983692,36424,0.247773092,0,147.0054708,32.93264735,0.96653289,0.008685386,0,0,0,0,136.3525424,111.820995,136.3525424
Ntcheu South,Ntcheu,2,0,0,0,33,0,0,0,0,0.386182394,0,0,0,6.3720095,0,0.562,"[0.4900,0.795]",0.299820264,51789,0.0810379,0,639.0713506,26.00154281,0.829176601,0.052869074,0,0,0,0.579273591,78.61634083,163.8545193,163.8545193
Ntcheu West,Ntcheu,4,19,9,5,31,19,15,0,0,0.549390177,2.60960334,1.236127898,0.686737721,4.257773871,2.60960334,0.602,"[0.4900,0.795]",0.173566201,72808,0.16997317,0.02,428.3499557,16.24402539,0.905589949,0.013651048,0,0.274695088,0,1.373475442,94.32904822,145.6495525,145.6495525
Ntchisi East,Ntchisi,7,17,2,2,34,24,10,0,0,1.667579865,4.049836815,0.47645139,0.47645139,8.099673631,5.7174166809999996,0.514,"[0.4900,0.795]",0.030674634,41977,0.128562208,0,326.5111934,7.953733548,0.982942683,0.001332551,0,0.47645139,0.47645139,5.240965291,281.5816369,68.91932108,281.5816369
Ntchisi North,Ntchisi,8,5,1,1,43,2,0,0,0,1.308151419,0.817594637,0.163518927,0.163518927,7.031313875,0.327037855,0.404,"[0.4010,0.490)",0.050173159,61155,0.130383041,0,469.0410621,9.495695768,0.97196383,0.00358548,0.327037855,0.163518927,0.654075709,4.415011038,313.3214629,89.78048522,313.3214629
Ntchisi North East,Ntchisi,6,27,2,2,20,20,21,0,0,2.780352178,12.5115848,0.926784059,0.926784059,9.267840593,9.267840593,0.462,"[0.4010,0.490)",0.013248182,21580,0.11770178,0,183.3447214,16.87332973,0.99194481,9.13253e-4,0,0,0,0,300.5275128,86.55909309,300.5275128
Ntchisi South,Ntchisi,14,104,0,0,51,52,90,0,1,1.439396276,10.69265805,0,0,5.243515006,5.346329025,0.525,"[0.4900,0.795]",0.070404345,97263,0.184445755,0,527.32577,40.21200254,0.961661516,0.0052985,0.10281402,0,0,0.411256079,295.1756381,69.0210105,295.1756381
Phalombe Central,Phalombe,0,35,1,2,11,12,35,1,1,0,6.5333856,0.18666816,0.37333632,2.05334976,2.24001792,0.547,"[0.4900,0.795]",0.245712726,53571,0.223859561,0,239.3062853,44.07585014,0.857159713,0.429866403,0.37333632,1.12000896,0.18666816,8.213399041,74.97376458,272.8270715,272.8270715
Phalombe East,Phalombe,0,56,3,3,16,23,56,0,7,0,10.5688295,0.566187295,0.566187295,3.019665572,4.34076926,0.547,"[0.4900,0.795]",0.085348279,52986,0.403538492,0,131.3034593,54.61934384,0.95364217,0.478262752,0,0.188729098,0,0.188729098,84.81315632,302.4872462,302.4872462
Phalombe North,Phalombe,0,32,0,1,10,15,32,1,5,0,6.940076775,0,0.216877399,2.168773992,3.253160988,0.704,"[0.4900,0.795]",0.506997167,46109,0.215402273,0,214.0599512,13.29848851,0.5849247,0.295576662,0,0,0,0,66.9291094,263.3352336,263.3352336
Phalombe North East,Phalombe,3,156,3,4,26,28,153,1,2,0.412984224,21.47517965,0.412984224,0.550645632,3.579196608,3.854519424,0.408,"[0.4010,0.490)",0.106000269,72642,0.188537028,0,385.2930157,41.50114025,0.942404133,0.472587496,0,0.137661408,0,0.137661408,84.94458255,282.5261587,282.5261587
Phalombe South,Phalombe,5,35,3,4,28,40,30,1,12,0.436994179,3.058959255,0.262196508,0.349595343,2.447167404,3.495953434,0.44,"[0.4010,0.490)",0.174762137,114418,0.344528734,0,332.100022,9.148687304,0.90465883,0.458992958,0,0.349595343,0,1.136184866,66.04570596,278.8583386,278.8583386
Rumphi Central,Rumphi,0,17,8,8,44,44,17,0,0,0,3.452968537,1.624926371,1.624926371,8.937095038,8.937095038,0.329,"[0.0425,0.401)",0.322383475,49233,0.083832043,0.035,587.281402,46.75764973,0.816756667,0.015378578,0,0.609347389,0.203115796,4.062315926,544.4900564,335.6745233,544.4900564
Rumphi East,Rumphi,0,3,5,9,32,35,3,4,3,0,1.247245666,2.078742776,3.741736997,13.30395377,14.55119943,0.475,"[0.4010,0.490)",0.11471463,24053,0.065506798,0,367.1832631,37.14087462,0.937882967,0.002506216,0,0,0,1.247245666,559.6492585,355.8501387,559.6492585
Rumphi North,Rumphi,0,8,2,2,27,27,8,0,0,0,2.940203609,0.735050902,0.735050902,9.923187181,9.923187181,0.408,"[0.4010,0.490)",0.15122091,27209,0.06988823,0,389.3216347,47.90779319,0.917928957,0.009368205,0,0,0,1.102576353,564.7113909,357.4159002,564.7113909
Rumphi West,Rumphi,0,45,5,5,56,53,45,0,0,0,6.973824911,0.774869435,0.774869435,8.678537666,8.213616006,0.401,"[0.4010,0.490)",0.250247808,64527,0.080946904,0,797.1521696,38.23169944,0.860769569,0.012343872,0,0,0,0.154973887,556.3091596,337.605448,556.3091596
Salima Central,Salima,6,0,17,0,62,0,0,0,0,0.429215251,0,1.216109879,0,4.4352242650000004,0,0.494,"[0.4900,0.795]",0.581426581,139790,0.195240071,0.037,715.9903156,18.05724877,0.585867716,0.145540923,0.14307175,0.500751127,0.429215251,4.792903641,234.6293707,76.49483688,234.6293707
Salima North,Salima,9,0,3,0,20,0,0,0,0,2.137919567,0,0.712639856,0,4.75093237,0,0.403,"[0.4010,0.490)",0.106859245,42097,0.115908016,0,363.1931727,29.4809479,0.942598831,0.013703886,0,0,0,0,261.1752179,67.20165575,261.1752179
Salima North West,Salima,1,0,2,0,19,0,0,0,0,0.186410663,0,0.372821325,0,3.541802591,0,0.601,"[0.4900,0.795]",0.269144835,53645,0.166244701,0,322.6869769,19.19403661,0.84379951499999994,0.064042464,0,0,0,0.745642651,252.4835975,71.94602632,252.4835975
Salima South,Salima,3,0,7,0,22,0,0,0,0,0.542407203,0,1.265616807,0,3.977652823,0,0.405,"[0.4010,0.490)",0.660606671,55309,0.215509545,0,256.6429246,23.23131578,0.390676942,0.207873508,0,0,0,0.542407203,204.8051415,74.51054579,204.8051415
Salima South East,Salima,24,0,3,0,20,0,0,0,0,5.196154845,0,0.649519356,0,4.330129038,0,0.4755,"[0.4010,0.490)",0.48143265,46188,0.133034867,0.002,347.1871764,15.85363417,0.472408602,0.14858596,0,0,0,0.216506452,220.303699,70.59517127,220.303699
Thyolo Central,Thyolo,1,49,5,5,27,33,48,0,6,0.089517501,4.386357533,0.447587503,0.447587503,2.416972518,2.954077522,0.444,"[0.4010,0.490)",0.362932572,111710,0.359511856,0.043,310.7268876,58.43998564,0.024987297,0.407224327,0.179035001,0.805657506,0.179035001,4.02828753,41.63233602,279.7068996,279.7068996
Thyolo East,Thyolo,0,39,2,2,17,20,39,0,3,0,5.831601298,0.299056477,0.299056477,2.541980053,2.990564768,0.344,"[0.0425,0.401)",0.212687998,66877,0.445428645,0,150.1407706,57.66481476,0.882715792,0.451799214,0,0,0,1.046697669,34.50819285,271.4709997,271.4709997
Thyolo North,Thyolo,0,36,7,7,17,24,36,0,7,0,2.408767915,0.468371539,0.468371539,1.137473738,1.605845277,0.3815,"[0.0425,0.401)",0.4827444,149454,0.424453267,0.067,352.1094349,35.59715116,0.385965163,0.385965168,0,0.13382044,0.06691022,0.669102199,22.24899344,260.303819,260.303819
Thyolo South,Thyolo,1,4,6,7,36,43,3,1,7,0.108059043,0.432236174,0.648354261,0.756413304,3.890125565,4.646538869,0.508,"[0.4900,0.795]",0.320216456,92542,0.322071156,0,287.33402,45.05632966,0.077955879,0.410383016,0,0,0,0.756413304,61.11066075,298.3984933,298.3984933
Thyolo South West,Thyolo,2,172,5,5,19,23,170,0,4,0.302210671,25.99011771,0.755526678,0.755526678,2.871001375,3.475422717,0.428,"[0.4010,0.490)",0.543867042,66179,0.324069089,0,204.2126273,17.90140436,0.233798985,0.326126248,0,0,0,0.302210671,42.25493434,277.6101747,277.6101747
Thyolo Thava,Thyolo,0,103,2,2,13,13,103,0,0,0,28.5642974,0.554646551,0.554646551,3.605202585,3.605202585,0.558,"[0.4900,0.795]",0.258909586,36059,0.344354556,0,104.7147464,34.00695411,0.029342799,0.431418121,0,0.277323276,0,0.554646551,51.68636368,288.1620093,288.1620093
Thyolo West,Thyolo,1,2,2,2,19,23,1,0,4,0.157124002,0.314248005,0.314248005,0.314248005,2.985356043,3.613852052,0.4285,"[0.4010,0.490)",0.477733525,63644,0.31855795,0,199.7878251,31.19904165,0.45372072,0.359509259,0,0,0,0,29.74043445,262.3698669,262.3698669
Zomba Central,Zomba,0,29,11,11,34,42,29,0,8,0,3.749967673,1.422401531,1.422401531,4.396513823,5.430987664,0.153,"[0.0425,0.401)",0.824451695,77334,1.93344307,1,39.99807453,22.75173448,0.220129736,0.220493495,0.38792769,1.034473841,0.38792769,5.172369204,55.81614269,227.5409096,227.5409096
Zomba Changalume,Zomba,0,39,3,3,17,22,39,0,5,0,7.086528328,0.545117564,0.545117564,3.088999528,3.9975288,0.519,"[0.4900,0.795]",0.728897488,55034,0.262334083,0.076,209.7859315,33.69294535,0.327648118,0.327648103,0,0,0,0.363411709,44.21380414,222.8328669,222.8328669
Zomba Chingale,Zomba,0,32,3,3,18,18,32,0,0,0,6.308899491,0.591459327,0.591459327,3.548755964,3.548755964,0.247,"[0.0425,0.401)",0.768788774,50722,0.178154106,0,284.7085661,41.55446459,0.302863807,0.290965497,0,0,0,0.788612436,46.67756155,210.1839812,210.1839812
Zomba Likangala,Zomba,0,31,1,1,12,14,31,0,2,0,7.127911522,0.22993263,0.22993263,2.759191557,3.219056816,0.4245,"[0.4010,0.490)",0.439354396,43491,0.265389109,0.069,163.8763554,43.4486732,0.051136867,0.117043003,1.609528408,1.839461038,0.689797889,15.86535145,73.16424301,244.8998954,244.8998954
Zomba Lisanjala,Zomba,0,27,2,2,8,10,27,0,2,0,10.29944688,0.762921991,0.762921991,3.051687965,3.814609956,0.3265,"[0.0425,0.401)",0.706478953,26215,0.193992545,0,135.1340588,35.67846767,0.324545356,0.324545354,0,0,0,0,60.27972166,208.5831669,208.5831669
Zomba Malosa,Zomba,0,23,2,2,15,19,23,0,4,0,4.337740226,0.377194802,0.377194802,2.828961017,3.583350621,0.297,"[0.0425,0.401)",0.502060823,53023,0.448292662,0.217,118.2776443,50.08590336,0.685456349,0.394642472,0.377194802,0.188597401,0,1.69737661,65.37748409,221.5391105,221.5391105
Zomba Mpyupyu,Zomba,5,59,5,5,22,26,54,0,4,0.642632222,7.583060215,0.642632222,0.642632222,2.827581775,3.341687552,0.509,"[0.4900,0.795]",0.555488204,77805,0.19749048,0,393.968357,55.88753033,0.468712191,0.264087737,0,0,0,1.285264443,69.89876355,249.480253,249.480253
Zomba Nsondole,Zomba,3,63,8,8,23,24,60,0,1,0.406487541,8.536238364,1.083966776,1.083966776,3.116404482,3.251900329,0.4525,"[0.4010,0.490)",0.609108343,73803,0.208528218,0.012,353.9233242,29.08520367,0.412716089,0.207070947,0,0,0,0.270991694,75.24981439,235.6696922,235.6696922
Zomba Ntonya,Zomba,1,61,3,3,13,17,60,0,4,0.20364525,12.42236025,0.61093575,0.61093575,2.64738825,3.46196925,0.49,"[0.4900,0.795]",0.705947607,49105,0.331235277,0.076,148.2480988,36.44903332,0.251913084,0.251913071,0,0,0,0.4072905,50.94855486,236.7632294,236.7632294
Zomba Thondwe,Zomba,3,210,4,4,39,45,207,0,6,0.20719663,14.50376407,0.276262173,0.276262173,2.693556185,3.107949444,0.466,"[0.4010,0.490)",0.445193937,144790,0.297134511,0,487.2877255,49.41276867,0.724703888,0.401621491,0,0,0,0.20719663,43.24185604,244.064713,244.064713
